<?xml version="1.0" encoding="UTF-8"?>
<project-private xmlns="http://www.netbeans.org/ns/project-private/1">
    <editor-bookmarks xmlns="http://www.netbeans.org/ns/editor-bookmarks/2" lastBookmarkId="0"/>
    <open-files xmlns="http://www.netbeans.org/ns/projectui-open-files/2">
        <group>
            <file>file:/C:/Users/dhafa/Downloads/Java%20Codes/Progress%203/TubesPBO/src/controller/MenuStationaryController.java</file>
            <file>file:/C:/Users/dhafa/Downloads/Java%20Codes/Progress%203/TubesPBO/src/view/ItemMenu.java</file>
            <file>file:/C:/Users/dhafa/Downloads/Java%20Codes/Progress%203/TubesPBO/src/controller/MainMenuController.java</file>
            <file>file:/C:/Users/dhafa/Downloads/Java%20Codes/Progress%203/TubesPBO/src/controller/MenuGroceryController.java</file>
            <file>file:/C:/Users/dhafa/Downloads/Java%20Codes/Progress%203/TubesPBO/src/controller/CartController.java</file>
        </group>
    </open-files>
</project-private>
